CustomerID,NameStyle,Title,FirstName,MiddleName,LastName,Suffix,CompanyName,SalesPerson,EmailAddress,Phone,PasswordHash,PasswordSalt,rowguid,ModifiedDate
1,False,Mr.,Orlando,N.,Gee,,A Bike Store,adventure-works\pamela0,orlando0@adventure-works.com,245-555-0173,L/Rlwxzp4w7RWmEgXX+/A7cXaePEPcp+KwQhl2fJL7w=,1KjXYs4=,3f5ae95e-b87d-4aed-95b4-c3797afcb74f,2005-08-01T00:00:00.0000000
2,False,Mr.,Keith,,Harris,,Progressive Sports,adventure-works\david8,keith0@adventure-works.com,170-555-0127,YPdtRdvqeAhj6wyxEsFdshBDNXxkCXn+CRgbvJItknw=,fs1ZGhY=,e552f657-a9af-4a7d-a645-c429d6e02491,2006-08-01T00:00:00.0000000
3,False,Ms.,Donna,F.,Carreras,,Advanced Bike Components,adventure-works\jillian0,donna0@adventure-works.com,279-555-0130,LNoK27abGQo48gGue3EBV/UrlYSToV0/s87dCRV7uJk=,YTNH5Rw=,130774b1-db21-4ef3-98c8-c104bcd6ed6d,2005-09-01T00:00:00.0000000
4,False,Ms.,Janet,M.,Gates,,Modular Cycle Systems,adventure-works\jillian0,janet1@adventure-works.com,710-555-0173,ElzTpSNbUW1Ut+L5cWlfR7MF6nBZia8WpmGaQPjLOJA=,nm7D5e4=,ff862851-1daa-4044-be7c-3e85583c054d,2006-07-01T00:00:00.0000000
5,False,Mr.,Lucy,,Harrington,,Metropolitan Sports Supply,adventure-works\shu0,lucy0@adventure-works.com,828-555-0186,KJqV15wsX3PG8TS5GSddp6LFFVdd3CoRftZM/tP0+R4=,cNFKU4w=,83905bdc-6f5e-4f71-b162-c98da069f38a,2006-09-01T00:00:00.0000000
6,False,Ms.,Rosmarie,J.,Carroll,,Aerobic Exercise Company,adventure-works\linda3,rosmarie0@adventure-works.com,244-555-0112,OKT0scizCdIzymHHOtyJKQiC/fCILSooSZ8dQ2Y34VM=,ihWf50M=,1a92df88-bfa2-467d-bd54-fcb9e647fdd7,2007-09-01T00:00:00.0000000
7,False,Mr.,Dominic,P.,Gash,,Associated Bikes,adventure-works\shu0,dominic0@adventure-works.com,192-555-0173,ZccoP/jZGQm+Xpzc7RKwDhS11YFNybwcPVRYTSNcnSg=,sPoUBSQ=,03e9273e-b193-448e-9823-fe0c44aeed78,2006-07-01T00:00:00.0000000
10,False,Ms.,Kathleen,M.,Garza,,Rural Cycle Emporium,adventure-works\josé1,kathleen0@adventure-works.com,150-555-0127,Qa3aMCxNbVLGrc0b99KsbQqiVgwYDfHcsK9GZSUxcTM=,Ls05W3g=,cdb6698d-2ff1-4fba-8f22-60ad1d11dabd,2006-09-01T00:00:00.0000000
11,False,Ms.,Katherine,,Harding,,Sharp Bikes,adventure-works\josé1,katherine0@adventure-works.com,926-555-0159,uRlorVzDGNJIX9I+ehTlRK+liT4UKRgWhApJgUMC2d4=,jpHKbqE=,750f3495-59c4-48a0-80e1-e37ec60e77d9,2005-08-01T00:00:00.0000000
12,False,Mr.,Johnny,A.,Caprio,Jr.,Bikes and Motorbikes,adventure-works\garrett1,johnny0@adventure-works.com,112-555-0191,jtF9jBoFYeJTaET7x+eJDkd7BzMz15Wo9odbGPBaIak=,wVLnvHo=,947bcaf1-1f32-44f3-b9c3-0011f95fbe54,2006-08-01T00:00:00.0000000
16,False,Mr.,Christopher,R.,Beck,Jr.,Bulk Discount Store,adventure-works\jae0,christopher1@adventure-works.com,1 (11) 500 555-0132,sKt9daCzEEKWAzivEGPOp8tmaM1R3I+aJfcBjzJRFLo=,8KfYx/4=,c9381589-d31c-4efe-8978-8d3449eb1f0f,2006-09-01T00:00:00.0000000
18,False,Mr.,David,J.,Liu,,Catalog Store,adventure-works\michael9,david20@adventure-works.com,440-555-0132,61zeTkO+eI5g8GG0swny8Wp/6GzZMFnT71fnW4lTHNY=,c7Ttvv0=,c04d6b4d-94c6-4c5c-a44c-b449c0ac1b45,2005-08-01T00:00:00.0000000
19,False,Mr.,John,A.,Beaver,,Center Cycle Shop,adventure-works\pamela0,john8@adventure-works.com,521-555-0195,DzbqWX7B3EK5Dub92CKHYSUGKGbZCbrcVDpVe/xyBeI=,zXNgrJw=,69ae5d43-31be-4b76-bfbb-5a23c4788bbc,2007-04-01T00:00:00.0000000
20,False,Ms.,Jean,P.,Handley,,Central Discount Store,adventure-works\david8,jean1@adventure-works.com,582-555-0113,o1GVo3vExeNzo0/ctdRGf2eDK3uzTlcUbr18tN+Slf8=,uMsvfdo=,e010c10a-f1c3-4bba-81ca-a7e083350400,2005-09-01T00:00:00.0000000
21,False,,Jinghao,,Liu,,Chic Department Stores,adventure-works\jillian0,jinghao1@adventure-works.com,928-555-0116,IaD5AeqK9mRiIrJi/etZGVO6EiybLf/oksA2CqrpoJ0=,p6pOqKc=,564e0b42-4609-43de-9881-914da433d82d,2006-09-01T00:00:00.0000000
22,False,Ms.,Linda,E.,Burnett,,Travel Systems,adventure-works\jillian0,linda4@adventure-works.com,121-555-0121,23AwhujCoXYSPiN/B+G8Z9rk36xl35EbdLT7akTMTqU=,SmyIPjE=,9774aed6-d673-412d-b481-2573e470b478,2005-08-01T00:00:00.0000000
23,False,Mr.,Kerim,,Hanif,,Bike World,adventure-works\shu0,kerim0@adventure-works.com,216-555-0122,d0WSjosAd7Y3XOWjNAkoTClCb50vwPuAawOSI1iosgs=,33g5co8=,733f8250-3251-4c2a-8c85-c285bb76b7b4,2006-09-01T00:00:00.0000000
24,False,Mr.,Kevin,,Liu,,Eastside Department Store,adventure-works\linda3,kevin5@adventure-works.com,926-555-0164,ylTpkIOHKLcjihNjS0j/k10eOHOsWQMNhlbuOCp+UTY=,TgZnUOg=,c111e51d-178d-4dbd-a6ff-f1ccbf4b1aad,2006-09-01T00:00:00.0000000
25,False,Mr.,Donald,L.,Blanton,,Coalition Bike Company,adventure-works\shu0,donald0@adventure-works.com,357-555-0161,pKYDelLBOZMO98GBzhMxBSzzE0gUYKx9dXzYTYNuBgw=,jKtOaOw=,31d03546-fb2a-4488-890e-4709a659e3f0,2006-09-01T00:00:00.0000000
28,False,Ms.,Jackie,E.,Blackwell,,Commuter Bicycle Store,adventure-works\josé1,jackie0@adventure-works.com,972-555-0163,wqhgKfOTfef4Zo3cb6FwsFzvG/yCVstuYh3AuwjRszQ=,SZ+r60o=,9b8a04a4-d909-4f49-b1c5-3de317d69b2a,2007-08-01T00:00:00.0000000
29,False,Mr.,Bryan,,Hamilton,,Cross-Country Riding Supplies,adventure-works\josé1,bryan2@adventure-works.com,344-555-0144,ftRWIIT4oF+if+ddn1ROYXHw6PAooKFX3uALZ0uEU98=,IRNPDIw=,eca7c8fa-490b-4b97-9c32-043c90f789e8,2005-08-01T00:00:00.0000000
30,False,Mr.,Todd,R.,Logan,,Cycle Merchants,adventure-works\garrett1,todd0@adventure-works.com,783-555-0110,FV6z03ywMJOumcU+TEoL/Z/s4YP2fe8B3MJUUTA0CHU=,mFRhaEg=,2b15dfb1-831e-49e7-b337-395798b129e7,2006-09-01T00:00:00.0000000
34,False,Ms.,Barbara,J.,German,,Cycles Wholesaler & Mfg.,adventure-works\jae0,barbara4@adventure-works.com,1 (11) 500 555-0181,2Pyd3S3Os61yt+lfSjMgSDNwT1LL4Qs51m1ob42We40=,Jvsxxrg=,9edda794-7862-4ff4-b8e2-528847cab2bd,2007-07-01T00:00:00.0000000
37,False,Mr.,Jim,,Geist,,Two Bike Shops,adventure-works\pamela0,jim1@adventure-works.com,724-555-0161,cvqeC4fJcKwJ9jlluiWvK5/MyuSi8neLnjFDGdvzJy4=,ot8WcXk=,c6ebb29a-cc67-459c-90e3-339e0f912906,2006-09-01T00:00:00.0000000
38,False,Ms.,Betty,M.,Haines,,Finer Mart,adventure-works\david8,betty0@adventure-works.com,867-555-0114,Q/nGAVzOO1ZT/4+BQ1kwltqQyzycLA2GGmDmBBxLMnM=,6IvcbVg=,e5eda3f3-4ef1-4806-bd36-e61f3cb2e044,2007-09-01T00:00:00.0000000
39,False,Ms.,Sharon,J.,Looney,,Fitness Hotel,adventure-works\jillian0,sharon2@adventure-works.com,377-555-0132,Uo3kAuNh936QfPTIfPt6I6Z3+olLMRu5IC5awuzDaG8=,uHgb0IU=,6808b1ed-3c9a-401d-b284-9ac31166d9eb,2006-09-01T00:00:00.0000000
40,False,Mr.,Darren,,Gehring,,Journey Sporting Goods,adventure-works\jillian0,darren0@adventure-works.com,417-555-0182,kqptixZ7LqTuOKcc7ylpabWrgWr5BDXa2fpkDxEwaCY=,Xe7grug=,aa5e28f6-16c8-4d80-894e-17531f2cf972,2005-08-01T00:00:00.0000000
41,False,Ms.,Erin,M.,Hagens,,Distant Inn,adventure-works\shu0,erin1@adventure-works.com,244-555-0127,92Sfw/bl0dUJO9SAfoKn452VJcstSo2lgAbSPk97nRA=,8soIcx8=,e1ba20ed-da19-4392-a8a8-c2e670438ffb,2006-07-01T00:00:00.0000000
42,False,Mr.,Jeremy,,Los,,Healthy Activity Store,adventure-works\linda3,jeremy0@adventure-works.com,911-555-0165,jLMkpmNutZFzWw7sSWZeqd91vtlRwaWx2Ub21mhsvlU=,JK9/WX8=,64acd300-337d-4d39-a2c4-fd5972611934,2006-07-01T00:00:00.0000000
43,False,Ms.,Elsa,,Leavitt,,Frugal Bike Shop,adventure-works\shu0,elsa0@adventure-works.com,482-555-0174,BmJaM+147GrhU00kNTtaTolp0EJcarJK/SCfew4ZiYA=,YADhpPo=,9e449d3e-5d79-4f65-a4f1-10dd3b0e0766,2006-08-01T00:00:00.0000000
46,False,Mr.,David,O,Lawrence,,Gear-Shift Bikes Limited,adventure-works\josé1,david19@adventure-works.com,653-555-0159,HyZexVTTLfKfhx/Sb+XHQb4vta2LC1FD3OYIkpmzMlQ=,/kc6RdY=,21849ecf-88c2-4574-89d5-397b84df1d0f,2006-12-01T00:00:00.0000000
47,False,Ms.,Hattie,J.,Haemon,,Greater Bike Store,adventure-works\josé1,hattie0@adventure-works.com,141-555-0172,RLemw98UkhyklI9z6Kx01t3fpE6z6E9v5GdRReTdOIY=,8n38uVg=,0d9abe85-d952-432d-831a-8beb7f4e49d0,2005-09-01T00:00:00.0000000
48,False,Ms.,Anita,R.,Lucerne,,Grand Industries,adventure-works\garrett1,anita0@adventure-works.com,164-555-0118,YYTwMHBzX9ZM2XoYAzTo7bVfsHm05BO3Sl1+sokcRjM=,Zb6O1a0=,e656589a-198f-454f-b02f-9ce324457bdf,2007-09-01T00:00:00.0000000
52,False,Ms.,Rebecca,,Laszlo,,Instruments and Parts Company,adventure-works\jae0,rebecca2@adventure-works.com,1 (11) 500 555-0155,ox4SPBzzVPKyCVoIcZvkdVLtnQlKoDXCciBGcqVAfrI=,n7ydrrc=,8fb34b30-b19d-4aec-b02e-f1be942800e5,2007-09-01T00:00:00.0000000
55,False,Mr.,Eric,,Lang,,Kickstands and Accessories Company,adventure-works\pamela0,eric6@adventure-works.com,932-555-0163,katp5sn21ZqJq5Z26YRBk9XXP3iFjpsX7tNPYAAxZlI=,xw9RymE=,f5d3997b-ad06-46a0-94af-a4460f4be471,2007-09-01T00:00:00.0000000
56,False,Mr.,Brian,,Groth,,Latest Accessories Sales,adventure-works\david8,brian5@adventure-works.com,461-555-0118,tbk7TwAC5jsqEhFRRIhnL9kPBoTy3XS+EjlReKVp5mw=,hpOsvJU=,570b1682-9bb1-4359-984d-8f728e3d6973,2006-08-01T00:00:00.0000000
57,False,Ms.,Judy,R.,Lundahl,,Leading Sales & Repair,adventure-works\jillian0,judy1@adventure-works.com,260-555-0130,VzG/BDjkh2mMWAn2eZ/FQDI5/pGurtzdCfxTaCf6zAs=,N5Ajt+s=,7ff17923-e670-4f42-87a3-a6d1af18ea05,2005-09-01T00:00:00.0000000
58,False,Mr.,Peter,,Kurniawan,,Largest Bike Store,adventure-works\jillian0,peter4@adventure-works.com,436-555-0160,el1s9e+hWeb+79bwrhU+hxHEyJN+j6tR8vWyKJDZmTs=,QgzjTPU=,e324fee8-1ee7-4b96-854e-cfda7b0cbbc8,2005-11-01T00:00:00.0000000
59,False,Mr.,Douglas,,Groncki,,Locks Company,adventure-works\shu0,douglas2@adventure-works.com,385-555-0140,J9nhrWh6kpc/dGBkN7HRxrrbquy1Rit9UMPv9rbYjBs=,KiAAI5M=,60708606-604c-44be-90e1-3a0925b8060e,2007-09-01T00:00:00.0000000
60,False,Mr.,Sean,J.,Lunt,,Main Bicycle Services,adventure-works\linda3,sean4@adventure-works.com,183-555-0111,NCIEHFdWOrgXFDd6SE817buY5XNWSBCQZlOsgOGIP2E=,eK6Wzw0=,a029f31e-433b-4fa4-b442-b291d16a1b9f,2007-09-01T00:00:00.0000000
61,False,Mr.,Jeffrey,,Kurtz,,Many Bikes Store,adventure-works\shu0,jeffrey3@adventure-works.com,452-555-0179,zn3Nk0+i/zyvxFNh3OziN2Pxa3NfiIlVMJ9Ox86ytao=,5MZXwF4=,ccc53b43-66a6-47f6-a38e-5dd7cfafeaa6,2006-09-01T00:00:00.0000000
64,False,Mr.,Vamsi,,Kuppa,,Metal Clearing House,adventure-works\josé1,vamsi1@adventure-works.com,290-555-0196,6p4SZnWdWPrBclHkaWFeooblNWE+Y4VJiuTM9hyonDI=,HaDRSbY=,e6b6f92d-4ac6-4bc7-bf6b-2f3c67498de7,2007-08-01T00:00:00.0000000
65,False,Ms.,Jane,P.,Greer,,Metro Manufacturing,adventure-works\josé1,jane2@adventure-works.com,737-555-0163,gCWE10xc3haq9E82Ksvg2GS6WBBD0H0ZF25YAS0CfJ8=,qxbTTkE=,7e082443-8af6-4bb6-a0f5-1586271d1f2c,2006-08-01T00:00:00.0000000
66,False,Mr.,Alexander,J.,Deborde,,Neighborhood Store,adventure-works\garrett1,alexander1@adventure-works.com,394-555-0176,QC+He1HXF5uNbU5XqduVyZW0SlvdnAE2jhuD/06ukjE=,Uifpoxw=,e91e0048-9a25-489b-96c1-d726da68fb7c,2006-08-01T00:00:00.0000000
70,False,Mr.,Deepak,,Kumar,,Outdoor Aerobic Systems Company,adventure-works\jae0,deepak0@adventure-works.com,1 (11) 500 555-0122,0d3F0pfNxXFKEufM738j3/fA0at2eUlZA8ibqRnMr7M=,6fOTb8g=,89e10b04-064e-4313-8203-91fa98a01b11,2007-08-01T00:00:00.0000000
73,False,Ms.,Margaret,T.,Krupka,,Outdoor Sports Supply,adventure-works\pamela0,margaret1@adventure-works.com,107-555-0132,dI+A6Ikk6Eh9ypKYxrAEHGdSxjzUhy8bEyDdFjggW9g=,09k9Tis=,9d5c135e-bd60-46e0-b371-843391637827,2005-08-01T00:00:00.0000000
74,False,Mr.,Christopher,M.,Bright,,Parcel Express Delivery Service,adventure-works\david8,christopher2@adventure-works.com,162-555-0166,jIw8zSChmDX3xmVInKUV46U77LBgW9C5vlIMvK4NqF8=,J9DNyhU=,73485e57-076d-4b10-bb48-6043dd873582,2005-11-01T00:00:00.0000000
75,False,Ms.,Aidan,,Delaney,,Paint Supply,adventure-works\jillian0,aidan0@adventure-works.com,358-555-0188,6lcVqEc4gGgfW6DsOks/KuDIWIP5qFsrc8sXtmcwj6E=,DKu7/UM=,55cfed0e-1a7b-409c-9aff-297065965870,2005-09-01T00:00:00.0000000
76,False,Mr.,James,J.,Krow,,Out-of-the-Way Hotels,adventure-works\jillian0,james11@adventure-works.com,265-555-0190,I2HiduC1LR4LnxkLk1SFZ0OCyPveKfbQ6Q4mjKnPiyA=,PJEpZaA=,5227d299-b05e-4d6c-a1c9-da63154869ba,2005-09-01T00:00:00.0000000
77,False,Mr.,Michael,,Brundage,,Mechanical Products Ltd.,adventure-works\shu0,michael13@adventure-works.com,128-555-0148,Ioh5Ss2cXrUAI8DZcSkQ/z92aEmHE0Wxqc6MdggjJQE=,MjQeaAE=,b3f9113c-8fce-47e1-9f04-38a0c68917c6,2006-08-01T00:00:00.0000000
78,False,Mr.,Stefan,,Delmarco,,Preferred Bikes,adventure-works\linda3,stefan0@adventure-works.com,819-555-0186,9rOycZRxDntXWB8Y/285x4HS6G2ATNOzhqIhF+oBGqc=,BsI2IB4=,8c8083ab-7943-44fa-b1ad-8e3abd5d66ee,2005-08-01T00:00:00.0000000
79,False,Mr.,Mitch,,Kennedy,,Reasonable Bicycle Sales,adventure-works\shu0,mitch0@adventure-works.com,996-555-0192,Re4KikAJLZeLX+pM2Bw7HZNkd5Yyd/vrGB7WhjbYmCo=,lGI5cA0=,010d8aa6-ceba-4097-9e67-3b2a9674fd5f,2006-08-01T00:00:00.0000000
82,False,Mr.,James,D.,Kramer,,Refined Department Stores,adventure-works\josé1,james10@adventure-works.com,814-555-0130,8x6bpv0tFDausfY5Z8RQwPKRz3E+N1BszPMzVAsq5kg=,5NcSbeg=,92618ece-2254-4852-b3b3-46ed2e0e3e1a,2006-07-01T00:00:00.0000000
83,False,Mr.,Eric,J.,Brumfield,,Requisite Part Supply,adventure-works\josé1,eric3@adventure-works.com,644-555-0114,pd7lPYE+Gn7QnX4l6aMxG6WiRZGpPVsBcJ1kBpXl7pc=,MAOhXKA=,8e01f170-64d3-4b74-82e1-d1691ae9f37c,2005-07-01T00:00:00.0000000
84,False,Ms.,Della,F.,Demott Jr,,Rewarding Activities Company,adventure-works\garrett1,della0@adventure-works.com,752-555-0185,oR9ACW0ZX4v6zBa57CfhePKM1qmHjgDwNdGaTDAp4io=,966Lz4w=,45a614ce-3137-4a12-8296-24048c18f320,2005-08-01T00:00:00.0000000
88,False,Ms.,Pamala,M.,Kotc,,Closest Bicycle Store,adventure-works\jae0,pamala0@adventure-works.com,1 (11) 500 555-0173,3nXek8BFNaBhIi8CwSzQOVdo1ZthphI3kGbZTrt6jNM=,/rh9tFs=,11feda31-15b6-4f08-9357-355371d4d928,2007-09-01T00:00:00.0000000
91,False,Ms.,Joy,R.,Koski,,Scooters and Bikes Store,adventure-works\pamela0,joy0@adventure-works.com,810-555-0198,tTeR7tEh6XEQtr0WQ2eXrHrqjsOt2mdihjWZ3c4q50s=,IrqLpXQ=,9f314fc3-9644-4412-a90a-5483f75f665b,2005-09-01T00:00:00.0000000
92,False,Ms.,Jovita,A.,Carmody,,Sports Commodities,adventure-works\david8,jovita0@adventure-works.com,646-555-0137,d3uGruCihzt7+Dipsh3+fE3iZd/uKCf8sy56xa5chxU=,zmqmiAQ=,672412c3-5d5d-488b-b176-e3dafad05d70,2005-09-01T00:00:00.0000000
93,False,Mr.,Prashanth,,Desai,,Stationary Bikes and Stands,adventure-works\jillian0,prashanth0@adventure-works.com,138-555-0156,AT0SeSL9gTlDL0/MHFMEy5GrEjR12DBF5ag/cyHZpJY=,l32Vf08=,249b42c2-8eae-49f1-a560-a90837748654,2005-09-01T00:00:00.0000000
94,False,Mr.,Scott,,Konersmann,,Specialty Sports Store,adventure-works\jillian0,scott6@adventure-works.com,556-555-0192,2WMJfIzZjrB1xeQtjtSTUQfxxeowOV9LmAjmUkH/qP4=,A+rOrG0=,65be08da-dfb7-4bc8-aa5c-fad98b82524e,2006-07-01T00:00:00.0000000
95,False,Ms.,Jane,N.,Carmichael,,Rural Department Store,adventure-works\shu0,jane0@adventure-works.com,716-555-0167,ZIXjFmD2T/Gf9bPHIkx7X82eU+I86/8p3rmYxWqwtkQ=,BUBjqIQ=,ea0bc621-9466-4f04-bbff-3b361c6f9057,2007-07-01T00:00:00.0000000
96,False,Ms.,Bonnie,B.,Lepro,,More Bikes!,adventure-works\linda3,bonnie2@adventure-works.com,354-555-0130,QFcESEnv3fd3s0KxftaNIRbKv6ba7PNXWLVrlx/mrF4=,WVm7PpY=,bac5b4da-00b0-4bf1-816a-1e39f676bf9b,2005-09-01T00:00:00.0000000
97,False,Mr.,Eugene,,Kogan,,Mountain Bike Center,adventure-works\shu0,eugene2@adventure-works.com,136-555-0134,Tp1Zre+rOA0pmlkyosHvuAxhbMWt7UcvCPrAYmXyI+w=,GdsdWsk=,355eb5d8-6b4c-4fff-b12b-40f89ca4e31d,2006-08-01T00:00:00.0000000
100,False,Mr.,Kirk,T,King,,Up-To-Date Sports,adventure-works\josé1,kirk2@adventure-works.com,979-555-0163,056V7iOc8FPUiLanlyEqQX6cAWuL0TJ8fQBhX7mEjMU=,b96sfSU=,e789f6dd-3159-4ddc-81a8-8571c571656e,2007-08-01T00:00:00.0000000
101,False,Mr.,William,J.,Conner,,Urban Sports Emporium,adventure-works\josé1,william1@adventure-works.com,383-555-0111,GZyRS1qyQMxNWXYf0B1uj2nyQjhk4oN+Qv3geEMUy5A=,94SS2WQ=,67ad4f37-2467-4438-a749-d947beec3a92,2006-08-01T00:00:00.0000000
102,False,Ms.,Linda,,Leste,,National Manufacturing,adventure-works\garrett1,linda7@adventure-works.com,493-555-0134,heRwLFQMae6Y0X7+Q7tLrq4gB5sXd8jC7uiIjXlEs6Y=,OHu+9rc=,959cf74b-1004-43f5-9ab7-4cdd482c847d,2005-08-01T00:00:00.0000000
106,False,Ms.,Andrea,A.,Thomsen,,West Side Mart,adventure-works\jae0,andrea1@adventure-works.com,1 (11) 500 555-0120,LDoJwsGCFLtxVdbdQBbN/to7zFF1skP+hWLrIrCxvAw=,NuexV8w=,aafbf7d5-8759-4962-9deb-77c6e22875f4,2007-09-01T00:00:00.0000000
109,False,Mr.,Daniel,P.,Thompson,,Travel Sports,adventure-works\pamela0,daniel2@adventure-works.com,247-555-0197,DgTXKBbRFAv0jGUCn8yCPgnYQP1JhhVioFj9E1gXCS8=,jcMXc0w=,7585790b-6034-4520-a383-9fa1e8b3e76e,2007-09-01T00:00:00.0000000
110,False,Ms.,Kendra,N.,Thompson,,Vintage Sport Boutique,adventure-works\david8,kendra0@adventure-works.com,464-555-0188,dBvr8YSJ5D5BzBQ6uCOKmYVG2wDeIf97H4Jh3ePPYHM=,IS71rL8=,82c2f3f0-63b8-46cc-aedc-3a856956ef04,2007-07-01T00:00:00.0000000
111,False,Mr.,Scott,A.,Colvin,,Westside Cycle Store,adventure-works\jillian0,scott1@adventure-works.com,119-555-0144,4QoOmH+4/mabhuXqIQnoVm+1MjvTYyAHid9vpNehSxs=,sA8S2v4=,0122151a-9140-4663-a3eb-a442d88bc1bb,2005-12-01T00:00:00.0000000
112,False,Ms.,Elsie,L.,Lewin,,Town Industries,adventure-works\jillian0,elsie0@adventure-works.com,803-555-0116,sbrtAXJY79C5nTfNaktfR5zn9+uSLMSL26NETFSeEas=,UUwXzgY=,5035e4d6-3758-4fa6-a462-2e2ecf52e6f0,2007-09-01T00:00:00.0000000
113,False,Mr.,Donald,M.,Thompson,,Trendy Department Stores,adventure-works\shu0,donald1@adventure-works.com,273-555-0111,HfjBjq3HyrYM/vkKe/z2JUvmTeROuQWy7ntzIG/uTNk=,ke7sTgo=,8a84966c-5d38-41ca-990f-ad107558a6b8,2007-09-01T00:00:00.0000000
114,False,Mr.,John,L.,Colon,,Two Wheels Cycle Store,adventure-works\linda3,john14@adventure-works.com,397-555-0144,9HEZAYB77VjHRd83ZDP94/ugDP0PhvUiIRCi3Cl5y7A=,j6Z6ny8=,bcc5ae61-8214-44a1-a43c-fbd65c3745ae,2005-09-01T00:00:00.0000000
115,False,Mr.,George,Z.,Li,,Security Racks and Locks Wholesalers,adventure-works\shu0,george3@adventure-works.com,699-555-0183,y3YyySPHg7l+/+LZkIFmyZ7gE+BOIOdPEq+t+oE093g=,4m5UYgM=,080f7047-8396-4cec-ab43-56cf41de4e00,2006-08-01T00:00:00.0000000
118,False,Mr.,Yale,,Li,,Rapid Bikes,adventure-works\josé1,yale0@adventure-works.com,316-555-0138,B2RR480ridZSqURXY3APlxFk13GITW6LDFutGbpSUIs=,5MEUKYU=,5feafbd2-4a43-4641-8e94-b3059b2a882e,2005-09-01T00:00:00.0000000
119,False,Ms.,Phyllis,A.,Thomas,,Red Bicycle Company,adventure-works\josé1,phyllis2@adventure-works.com,667-555-0112,hAXpzsxtYdB4R3XMc08m98BwHHvL0+J6J+y0u7B1ngg=,ycYA+jA=,d13245ef-8267-4cb4-87c9-c23155d33e93,2005-07-01T00:00:00.0000000
120,False,Mr.,Pat,,Coleman,,Machines & Cycles Store,adventure-works\garrett1,pat2@adventure-works.com,292-555-0128,61UcbVZnGT5eqxs0oFMv4JyipeaQCUZgUZkPgtVNBDo=,7+I+4k4=,25863c18-4c9a-4bc9-be0d-95f4cf67bf7d,2007-07-01T00:00:00.0000000
124,False,Ms.,Yuhong,,Li,,Nearby Sporting Goods,adventure-works\jae0,yuhong1@adventure-works.com,1 (11) 500 555-0176,XrcuygOte7eGdTleJOKDmf/XBySqc/0xVbjpIPzMWQA=,R273GbA=,2f614c31-abae-42d0-820b-193f0ddc811e,2006-08-01T00:00:00.0000000
127,False,Mr.,Joseph,M.,Lique,,Front Sporting Goods,adventure-works\pamela0,joseph2@adventure-works.com,119-555-0195,7dnLSdRuWFKBMjmORanIkwGVy3smf5yZI3YxSSyd5/U=,jH5dJh4=,ef55103f-acc7-4bfd-89b1-20a04845e706,2006-08-01T00:00:00.0000000
128,False,Ms.,Judy,J.,Thames,,Demand Distributors,adventure-works\david8,judy3@adventure-works.com,799-555-0118,BXs/jMkqmCMJn6V9vWS+iM7P+R0MGu2nmP4SLrJrYCg=,OSnERUk=,03f73e74-8de5-421e-b5af-04b259268dd6,2006-06-01T00:00:00.0000000
129,False,Ms.,Connie,L.,Coffman,,Discount Bicycle Specialists,adventure-works\jillian0,connie0@adventure-works.com,426-555-0181,Wkqdm53a0uim7B/e9+IT0I81uzxMNnh1FBaeXd3nyP0=,3tT/ffQ=,e03db34c-bf17-407d-9423-fa22dbfdd292,2005-11-01T00:00:00.0000000
130,False,Mr.,Paulo,H.,Lisboa,,Elite Bikes,adventure-works\jillian0,paulo0@adventure-works.com,380-555-0116,MO2kc8uiSARHp+gxFShJchORmBfhfAz+NC31TDVciS8=,QXbFwBQ=,606ecdc2-6443-4e4b-897f-32d4c17ab894,2006-09-01T00:00:00.0000000
131,False,Ms.,Vanessa,J.,Tench,,Eighth Bike Store,adventure-works\shu0,vanessa0@adventure-works.com,785-555-0163,qnzSZKGLMJiDzrH9h5VfDojb/pTtQKfZNc7nW7qzQ90=,dPOi278=,ed0df7cc-6234-4d60-8b81-315c019f5356,2007-08-01T00:00:00.0000000
132,False,Ms.,Teanna,M.,Cobb,,Another Sporting Goods Company,adventure-works\linda3,teanna0@adventure-works.com,661-555-0168,oDFb9hjhU08th9xeH9bRAY/U7JJTdaLY9NiegJj3vzk=,60Z0AcQ=,7649e8af-3dab-43aa-b7df-9776f84dfb71,2007-08-01T00:00:00.0000000
133,False,Mr.,Michael,,Graff,,Commercial Sporting Goods,adventure-works\shu0,michael16@adventure-works.com,132-555-0150,NRM1BXnt0/4EDaPuM5qday+BOZANEisKCyGGQqJxXpY=,ewV5lII=,4f61574b-8353-42ec-825c-87896e6e16a4,2006-09-01T00:00:00.0000000
136,False,Mr.,Derek,,Graham,,Wholesale Parts,adventure-works\josé1,derek0@adventure-works.com,674-555-0187,FJJVccEFyVV8NubSxOFblRtnKqQD221f9AT9xxYTOUA=,8ju6sOA=,84cd4767-f142-4d9d-9033-ad3ade34bf74,2005-08-01T00:00:00.0000000
137,False,,Gytis,M,Barzdukas,,Transportation Options,adventure-works\josé1,gytis0@adventure-works.com,257-555-0119,muiJ85PHJTw5ocOM+yS+gq+w8REzzCOfzXZNFyDZniI=,lUNnQso=,d6a1aee7-25ef-4417-ab10-65bc21661864,2005-11-01T00:00:00.0000000
138,False,Ms.,Jane,,Clayton,,South Bike Company,adventure-works\garrett1,jane1@adventure-works.com,206-555-0195,o02Imw+gyZX9J1yiTBKYD4M5XlerPqz3usX+v3CsDHA=,PZCGT2g=,91b9ef4b-2fa8-4936-ac71-1fa1b3624d12,2007-08-01T00:00:00.0000000
142,False,Mr.,Jon,,Grande,,Riding Cycles,adventure-works\jae0,jon1@adventure-works.com,1 (11) 500 555-0114,26rwIeR9oyfo+P6lodeASP/MAC2/tdKFbmFVC5uBRmA=,83inWt0=,b821d13f-e9db-4a3b-87d0-7e867a161575,2007-09-01T00:00:00.0000000
145,False,Mr.,Ted,,Bremer,,Raw Materials Inc,adventure-works\pamela0,ted0@adventure-works.com,962-555-0166,mBQHYK00pq9+tDgH7TR6fPrrYQ2drX7/VuuHgkUSOiQ=,MxiyX14=,fec5609d-042b-4480-b1ba-55f2d4107327,2005-08-01T00:00:00.0000000
146,False,Mr.,Richard,,Bready,,Latest Sports Equipment,adventure-works\david8,richard1@adventure-works.com,340-555-0131,kOabrc0OqOISR4N3D3FZkOh3yAKQCF/ozSx7G00Kpt0=,jpRF8lY=,5475e9dd-98ca-4989-b7a2-3fc929beea12,2005-07-01T00:00:00.0000000
147,False,Ms.,Alice,,Clark,,Local Hardware Factory,adventure-works\jillian0,alice1@adventure-works.com,221-555-0141,ZZhnNULC5d/7tZv0hUtCl4jKwgyZql8aSrIzlTaTvg0=,hGHOthw=,03836a0b-7ad8-4115-8d23-6efa0d8deea1,2006-09-01T00:00:00.0000000
148,False,Mr.,Alan,,Brewer,,Lots of Bikes Storehouse,adventure-works\jillian0,alan1@adventure-works.com,494-555-0134,t9ecYoVIOcEiyXvl+noHoCymcRlJij1fzZzXfKeZ/R0=,6ZoXk8E=,79355855-a002-4393-bb6e-36f90913fa4d,2005-11-01T00:00:00.0000000
149,False,Mr.,Cornelius,L.,Brandon,,Initial Bike Company,adventure-works\shu0,cornelius0@adventure-works.com,229-555-0114,fftjn+fbjvHFJ4bf7rTpLdlCHv61xF+y0ZPKKevQV98=,OzSaq2k=,baa99d94-2fc2-4a1c-8b67-2c3210eb90c3,2006-09-01T00:00:00.0000000
150,False,Ms.,Jill,J.,Christie,,Fleet Bikes,adventure-works\linda3,jill1@adventure-works.com,927-555-0198,Vlb2fj7yW2d5JtfPLZvbicsQNEgLhh0b93Uw2pLEBuE=,2cMmc9Y=,285c5dd7-75d6-460d-97ba-aa86d86637c0,2006-08-01T00:00:00.0000000
151,False,Mr.,Walter,J.,Brian,IV,Futuristic Bikes,adventure-works\shu0,walter0@adventure-works.com,163-555-0155,NN11OHHxrOm6r8lPyhXuBk13QMD+8tph5PIdJ4t0JmY=,PiILPfc=,7f2891f7-dd88-470b-95ae-cc9a7d732b1f,2006-09-01T00:00:00.0000000
154,False,Mr.,Carlton,M.,Carlisle,,Camping and Sports Store,adventure-works\josé1,carlton0@adventure-works.com,193-555-0116,GJhY98QoDTRmv/6f6RcLwoj2v33jAZopR8AjLor/sqc=,fYgdeM0=,4f60f75e-b20a-4056-874c-b7f3bd33bf3f,2007-09-01T00:00:00.0000000
155,False,Mr.,Joseph,N.,Castellucio,,Corner Bicycle Supply,adventure-works\josé1,joseph1@adventure-works.com,180-555-0114,NLAR7H8spiCb/C0qY+3qkJm3VuoSOqDw7yspRc1CTTg=,Whn5BXY=,3b56cd66-5ddf-430c-ab41-3ff6a1836868,2005-09-01T00:00:00.0000000
156,False,Mr.,Lester,J.,Bowman,Sr.,Metal Processing Company,adventure-works\garrett1,lester0@adventure-works.com,844-555-0112,+CFHIbYlE+nsmSbCpJOTLZXChbtYA9JzdSnd1Qejk5g=,w7ec7iI=,cfffaafb-98dc-4392-84f9-fb3229f35265,2005-09-01T00:00:00.0000000
160,False,Ms.,Brigid,F.,Cavendish,,Vigorous Sports Store,adventure-works\jae0,brigid0@adventure-works.com,1 (11) 500 555-0178,20rlqqjWOPLBi7oYKBrHMzouHcYl6OknJcV+yc0zQKo=,QS6UTS4=,b42d510d-3ae4-4911-88cf-8d90d6bd0922,2006-09-01T00:00:00.0000000